,review_length,word_count,mean_specificity,median_specificity,max_specificity,min_specificity,ratio_specificity,aspect_coverage,aspect_count_clarity,aspect_count_meaningful_comparison,aspect_count_motivation,aspect_count_originality,aspect_count_replicability,aspect_count_soundness,aspect_count_substance,aspect_count_summary,argument_count_evaluation,argument_count_fact,argument_count_quote,argument_count_reference,argument_count_request,Please,Please_start,HASHEDGE,Indirect_(btw),Hedges,Factuality,Deference,Gratitude,Apologizing,1st_person_pl.,1st_person,1st_person_start,2nd_person,2nd_person_start,Indirect_(greeting),Direct_question,Direct_start,HASPOSITIVE,HASNEGATIVE,SUBJUNCTIVE,INDICATIVE
0,0.08519753966393734,0.5870550069441137,0.00838528207003728,0.013419444395003787,0.017927466583879108,0.01005637997066199,0.010091274998307401,0.007178912636659194,0.003473402422242463,0.014124964278317161,0.01986970796041256,0.00645783322357433,0.0,0.012626446367377295,0.008572392299295111,0.0064364568507070796,0.017961990307743033,0.0458392945870147,0.0,0.002565474546626228,0.02143630045619978,0.0032800340251666737,0.0,0.009095926729177469,0.0,0.0,0.002656556483192765,0.0,0.006355495129314473,0.0,0.004478195214524932,0.017135569166575874,0.0034914742350533497,0.001873685552227369,0.003278949716397936,0.0,0.004884167375638819,0.0006072129104440707,0.02907465114129882,0.015112511758877765,0.0,0.0
1,0.07345515174811952,0.6100816985238742,0.009535828739986197,0.008444697205372336,0.011886190144506354,0.012035213660866724,0.010388285625295994,0.0072526497277174175,0.007816653250119076,0.008089280313727604,0.008646726322524752,0.012357856999032127,0.002856892045052701,0.009074228140288281,0.010566467166304357,0.008225861002875152,0.013482748172366625,0.02144747189840263,0.003838991728606611,0.004644370735554388,0.020572489844443556,0.0018506534856352242,0.0013659697732042917,0.014625484473149304,0.00019222239278950823,0.014022697220052283,0.00793098838867729,0.00030907823878904367,0.0037191645904288777,0.0,0.007496354520015826,0.010692302032823547,0.01828238855302437,0.005117090826167737,0.00024853245780432005,0.0,0.0040861917199851785,0.005115222640805305,0.014329778980053387,0.014860764930039676,0.00035272760970767833,0.0007026341718106779
