,review_length,word_count,mean_specificity,median_specificity,max_specificity,min_specificity,ratio_specificity,aspect_coverage,aspect_count_clarity,aspect_count_meaningful_comparison,aspect_count_motivation,aspect_count_originality,aspect_count_replicability,aspect_count_soundness,aspect_count_substance,aspect_count_summary,argument_count_evaluation,argument_count_fact,argument_count_quote,argument_count_reference,argument_count_request,Please,Please_start,HASHEDGE,Indirect_(btw),Hedges,Factuality,Deference,Gratitude,Apologizing,1st_person_pl.,1st_person,1st_person_start,2nd_person,2nd_person_start,Indirect_(greeting),Direct_question,Direct_start,HASPOSITIVE,HASNEGATIVE,SUBJUNCTIVE,INDICATIVE
0,0.09365297944187095,0.5864477940336698,0.010040370974504881,0.008201711526069832,0.008088943414129784,0.0042271360303989735,0.01842596047946298,0.007634322319492242,0.0034734024222424636,0.014732177188761233,0.01918659343616299,0.007065046134018402,0.0,0.004992912636080539,0.013527249648518612,0.0,0.021932437583771995,0.04829850687431317,0.0,0.0032941300391591214,0.02439646339461458,0.003735443707999722,0.0,0.00920346615851717,0.0,0.0015180322761101238,0.0,0.0,0.0034408731591829677,0.0,0.00710876736146013,0.014858520752410648,0.007529440089506381,0.0018736855522273692,0.0,0.0,0.006941547589849207,0.0032860933976973433,0.030896289872631006,0.011989702505165428,0.0,0.0
1,0.06519310197818036,0.6287196475160697,0.007487518513691058,0.009760309629558699,0.009491572747272524,0.01341346591167011,0.01013130086500071,0.006290368683696842,0.006018237203650797,0.008714585317579954,0.010196372865207397,0.009741191157918367,0.0032070100697625063,0.006829160545157632,0.010355289600224032,0.012735216036795225,0.012164717954281838,0.01917922017852592,0.0032487470955115706,0.004417414376877014,0.019322254324069654,0.0026377280202381304,0.001680289733360026,0.015542707550609413,0.00021825351936852398,0.013746321120028455,0.00679274297081972,0.00023266886048103772,0.0032766128912965486,0.0,0.006200958057267547,0.00995338604256822,0.02090930078498006,0.0045824296454314226,0.00010680017788273231,0.0,0.004745072111117369,0.0054751481116660115,0.012338000694856356,0.013608562509295265,0.0006056143314901512,0.0007307002965409453
